{"M\u0119\u017cczy\u017ani, basen 50 m": {"50 m stylem dowolnym": "20,91", "100 m stylem dowolnym": "46,86", "200 m stylem dowolnym": "1:42,00", "400 m stylem dowolnym": "3:40,07", "800 m stylem dowolnym": "7:32,12", "1500 m stylem dowolnym": "14:31,02", "50 m stylem grzbietowym": "23,55", "100 m stylem grzbietowym": "51,60", "200 m stylem grzbietowym": "1:51,92", "50 m stylem klasycznym": "25,95", "100 m stylem klasycznym": "56,88", "200 m stylem klasycznym": "2:05,48", "50 m stylem motylkowym": "22,27", "100 m stylem motylkowym": "49,45", "200 m stylem motylkowym": "1:50,34", "200 m stylem zmiennym": "1:54,00", "400 m stylem zmiennym": "4:02,50"}, "Kobiety, basen 50 m": {"50 m stylem dowolnym": "23,61", "100 m stylem dowolnym": "51,71", "200 m stylem dowolnym": "1:52,85", "400 m stylem dowolnym": "3:55,38", "800 m stylem dowolnym": "8:04,79", "1500 m stylem dowolnym": "15:20,48", "50 m stylem grzbietowym": "26,86", "100 m stylem grzbietowym": "57,33", "200 m stylem grzbietowym": "2:03,14", "50 m stylem klasycznym": "29,16", "100 m stylem klasycznym": "1:04,13", "200 m stylem klasycznym": "2:17,55", "50 m stylem motylkowym": "24,43", "100 m stylem motylkowym": "55,48", "200 m stylem motylkowym": "2:01,81", "200 m stylem zmiennym": "2:06,12", "400 m stylem zmiennym": "4:25,87"}, "M\u0119\u017cczy\u017ani, basen 25 m": {"50 m stylem dowolnym": "20,16", "100 m stylem dowolnym": "44,84", "200 m stylem dowolnym": "1:39,37", "400 m stylem dowolnym": "3:32,25", "800 m stylem dowolnym": "7:20,46", "1500 m stylem dowolnym": "14:06,88", "50 m stylem grzbietowym": "22,11", "100 m stylem grzbietowym": "48,33", "200 m stylem grzbietowym": "1:45,63", "50 m stylem klasycznym": "24,95", "100 m stylem klasycznym": "55,28", "200 m stylem klasycznym": "2:00,16", "50 m stylem motylkowym": "21,75", "100 m stylem motylkowym": "47,78", "200 m stylem motylkowym": "1:46,85", "100 m stylem zmiennym": "49,28", "200 m stylem zmiennym": "1:49,63", "400 m stylem zmiennym": "3:54,81"}, "Kobiety, basen 25 m": {"50 m stylem dowolnym": "22,93", "100 m stylem dowolnym": "50,25", "200 m stylem dowolnym": "1:50,31", "400 m stylem dowolnym": "3:51,30", "800 m stylem dowolnym": "7:57,42", "1500 m stylem dowolnym": "15:08,24", "50 m stylem grzbietowym": "25,25", "100 m stylem grzbietowym": "54,89", "200 m stylem grzbietowym": "1:58,94", "50 m stylem klasycznym": "28,37", "100 m stylem klasycznym": "1:02,36", "200 m stylem klasycznym": "2:14,57", "50 m stylem motylkowym": "24,38", "100 m stylem motylkowym": "54,05", "200 m stylem motylkowym": "1:59,61", "100 m stylem zmiennym": "56,51", "200 m stylem zmiennym": "2:01,86", "400 m stylem zmiennym": "4:18,94"}}

